{
	"path1": [
		[7.099045, 50.740348],
		[7.100951, 50.738497],
		[7.102495, 50.738833],
		[7.101791, 50.739882],
		[7.101127, 50.741121],
		[7.099505, 50.740378],
		[7.099377, 50.740427],
		[7.099286, 50.740426],
		[7.099045, 50.740348]
	],
	"path2": [
		[7.098061, 50.738436],
		[7.096955, 50.738694],
		[7.097162, 50.73913],
		[7.097395, 50.739605],
		[7.097739, 50.740225],
		[7.097849, 50.740271],
		[7.098332, 50.740323],
		[7.098712, 50.740178],
		[7.098715, 50.740107],
		[7.098752, 50.740045],
		[7.098839, 50.739978],
		[7.098061, 50.738436]
	],
	"path3": [
		[7.106198, 50.740398],
		[7.104578, 50.740182],
		[7.103728, 50.74009],
		[7.103211, 50.740035],
		[7.101779, 50.739889],
		[7.099977, 50.739529],
		[7.099889, 50.739491],
		[7.100674, 50.738736],
		[7.099594, 50.738446],
		[7.098854, 50.73829],
		[7.098569, 50.738224],
		[7.098371, 50.737537],
		[7.097897, 50.737479],
		[7.097505, 50.737411],
		[7.096187, 50.737049],
		[7.095241, 50.736745],
		[7.094608, 50.736512]
	],
	"path4": [
		[7.101639, 50.741052],
		[7.101776, 50.740888],
		[7.101927, 50.740783],
		[7.102155, 50.740697],
		[7.103204, 50.740641],
		[7.103296, 50.740671],
		[7.103283, 50.740911],
		[7.103258, 50.740974],
		[7.103175, 50.741024],
		[7.101861, 50.741098],
		[7.101792, 50.741087],
		[7.101971, 50.740961],
		[7.103283, 50.740911],
		[7.103258, 50.740974],
		[7.103175, 50.741024],
		[7.101861, 50.741098],
		[7.101639, 50.741052]
	]
}
